AuctionID,Category,Duration,OpenPrice,ClosePrice,endDay
7,Automotive,5,9.99,197.5,Sat
21,Automotive,7,25,91,Sat
23,Automotive,5,50,170.5,Tue
25,Automotive,5,1,70,Mon
39,Automotive,3,4,29.5,Sat
40,Automotive,3,9.99,13,Sat
41,Automotive,3,9.99,9.99,Sat
46,Automotive,10,1.23,1.23,Wed
52,Automotive,5,24.99,43,Mon
53,Automotive,1,5,300,Fri
57,Automotive,7,10,91,Fri
99,Automotive,7,1.229720818,55.94000001,Sat
105,Automotive,5,9.99,48,Mon
108,Automotive,7,12.47548572,18.74,Thu
115,Automotive,3,290,290,Fri
134,Automotive,7,1.229655517,49.26000001,Sun
139,Automotive,5,28.99,28.99,Mon
141,Automotive,5,1,1,Sun
154,Automotive,7,35,104.49,Sat
161,Automotive,7,85,85,Tue
162,Automotive,5,115,115,Sun
163,Automotive,5,95,95,Mon
164,Automotive,5,89.95,89.95,Mon
165,Automotive,3,89.95,89.95,Fri
175,Automotive,7,1.22970297,124.2,Thu
176,Automotive,10,1.229745949,122.95,Sun
226,Automotive,5,9.95,17.55,Sun
246,Automotive,10,1.229712192,161.08,Sun
261,Automotive,3,24.95,24.95,Fri
262,Automotive,3,9.95,9.95,Fri
263,Automotive,3,7.95,7.95,Fri
264,Automotive,3,6.95,6.95,Fri
265,Automotive,3,6.95,6.95,Fri
266,Automotive,5,49.95,49.95,Sun
267,Automotive,5,32.95,32.95,Sun
268,Automotive,3,11.95,11.95,Sat
272,Automotive,1,31,31,Fri
273,Automotive,5,1,199,Mon
303,Automotive,7,1.22974359,191.84,Mon
304,Automotive,7,1.229712323,85.92000001,Mon
305,Automotive,7,9,52,Mon
309,Automotive,7,9.99,15.5,Fri
310,Automotive,10,1.229230769,7.989999999,Wed
311,Automotive,10,1.230357143,6.890000001,Tue
312,Automotive,10,1.229617304,7.389999997,Thu
313,Automotive,10,1.229230769,7.989999999,Sat
314,Automotive,10,1.23,8.61,Mon
315,Automotive,10,1.230359521,9.240000003,Fri
320,Automotive,10,11.06772152,97.14999997,Tue
342,Automotive,5,5,26,Sat
373,Automotive,5,44.95,66.77,Sun
374,Automotive,5,44.95,61,Sun
375,Automotive,5,47.5,47.5,Sun
376,Automotive,5,47.5,47.5,Sun
377,Automotive,5,44.95,44.95,Sun
378,Automotive,5,44.95,44.95,Sun
379,Automotive,5,39.95,39.95,Sun
380,Automotive,5,39.95,39.95,Sun
381,Automotive,5,34.95,34.95,Sun
423,Automotive,7,9.99,9.99,Sat
427,Automotive,5,39.5,39.5,Tue
440,Automotive,3,0.99,0.99,Sat
441,Automotive,3,22,22,Sat
442,Automotive,5,29,29,Mon
486,Automotive,5,19.99,19.99,Tue
487,Automotive,5,15.99,15.99,Tue
488,Automotive,5,9.99,9.99,Tue
527,Automotive,10,100,100,Sun
528,Automotive,3,9.99,202.5,Sun
541,Automotive,7,24.99,24.99,Tue
578,Automotive,7,134,134,Tue
579,Automotive,7,128,128,Tue
580,Automotive,7,128,128,Tue
581,Automotive,7,117,117,Tue
582,Automotive,7,90,90,Tue
583,Automotive,7,89,89,Tue
584,Automotive,7,42,42,Tue
585,Automotive,7,35.99,35.99,Tue
586,Automotive,5,108,108,Sun
587,Automotive,5,89.95,89.95,Sun
588,Automotive,5,85,85,Sun
589,Automotive,5,83.95,83.95,Sun
590,Automotive,5,65.95,65.95,Sun
591,Automotive,5,30.95,30.95,Sun
592,Automotive,7,132,135,Mon
593,Automotive,7,76.5,76.5,Mon
594,Automotive,7,18.99,18.99,Mon
615,Automotive,7,14.26,14.26,Thu
616,Automotive,7,14.26,14.26,Thu
617,Automotive,7,8.909999999,8.909999999,Thu
710,Automotive,5,6.99,6.99,Mon
711,Automotive,7,19.95,157.54,Fri
744,Automotive,5,1.99,2.24,Sun
802,Automotive,3,38.99,38.99,Sun
803,Automotive,3,38.99,38.99,Sun
804,Automotive,3,38.99,38.99,Sun
805,Automotive,3,33.95,38.95,Sun
806,Automotive,3,33.95,33.95,Sun
807,Automotive,3,33.95,33.95,Sun
808,Automotive,3,33.95,33.95,Sat
809,Automotive,3,22,22.5,Fri
810,Automotive,3,18,18,Fri
849,Automotive,5,199,229.5,Sun
850,Automotive,5,82.95,93,Sun
851,Automotive,5,82.95,86,Sun
852,Automotive,5,82.95,82.95,Sun
853,Automotive,5,65,74,Sun
854,Automotive,3,169,169,Fri
855,Automotive,3,119,122.5,Fri
856,Automotive,3,119,121.5,Fri
857,Automotive,3,99.95,99.95,Fri
858,Automotive,3,99.95,99.95,Fri
859,Automotive,3,89.95,99.09,Fri
860,Automotive,3,95,95,Fri
861,Automotive,3,89.95,89.95,Fri
862,Automotive,3,89.95,89.95,Fri
863,Automotive,3,89.95,89.95,Fri
864,Automotive,3,89.95,89.95,Fri
865,Automotive,3,89.95,89.95,Fri
866,Automotive,3,79,79,Fri
867,Automotive,3,59.95,59.95,Fri
868,Automotive,3,49.95,49.95,Fri
893,Automotive,3,1.99,1.99,Sat
894,Automotive,7,0.01,2.31,Tue
895,Automotive,7,0.01,0.01,Tue
896,Automotive,7,0.01,0.01,Tue
897,Automotive,7,0.01,0.01,Tue
898,Automotive,7,0.01,0.01,Tue
899,Automotive,7,0.01,0.01,Tue
900,Automotive,7,0.01,0.01,Tue
906,Automotive,3,67.95,67.95,Sat
1099,Automotive,7,35,35,Tue
1100,Automotive,7,32,32,Mon
1101,Automotive,3,15,15,Fri
1154,Automotive,10,2.45,2.45,Mon
1173,Automotive,1,8.87,8.87,Fri
1174,Automotive,3,9.99,51,Sun
1175,Automotive,3,0.99,30.99,Sun
1180,Automotive,7,9.99,9.99,Mon
1196,Automotive,3,57,57,Sat
1197,Automotive,3,39.5,39.5,Sat
1198,Automotive,3,21,21,Sat
1199,Automotive,3,21,21,Sat
1200,Automotive,3,19.5,19.5,Sat
1201,Automotive,3,18,18.5,Sat
1202,Automotive,3,18,18,Sat
1203,Automotive,3,15,15,Sat
1204,Automotive,3,12.99,12.99,Sat
1205,Automotive,3,12.5,12.5,Sat
1206,Automotive,3,8.5,8.5,Sat
1207,Automotive,3,6,6,Sat
1208,Automotive,3,49.99,49.99,Fri
1209,Automotive,3,43.5,43.5,Fri
1210,Automotive,3,43.5,43.5,Fri
1211,Automotive,3,37.95,37.95,Fri
1212,Automotive,3,24.95,24.95,Fri
1213,Automotive,3,23,23.5,Fri
1214,Automotive,3,21,21,Fri
1215,Automotive,3,21,21,Fri
1216,Automotive,3,21,21,Fri
1217,Automotive,3,21,21,Fri
1218,Automotive,3,19,19.5,Fri
1219,Automotive,3,18.99,18.99,Fri
1220,Automotive,3,16.5,16.5,Fri
1221,Automotive,3,12,12,Fri
1222,Automotive,3,12,12,Fri
1223,Automotive,3,8.5,8.5,Fri
15,Books,10,6.15,6.15,Wed
20,Books,5,15,47.78,Sun
28,Books,10,1.231075697,3.089999999,Sun
56,Books,7,0.7,0.7,Mon
106,Books,10,1.230038023,6.470000001,Fri
109,Books,7,13.36811696,15.26,Thu
112,Books,10,1.23,1.23,Wed
122,Books,7,1.23,1.23,Mon
142,Books,7,4,4,Sun
168,Books,7,1.77,1.77,Thu
213,Books,7,16.04597347,49.78000001,Thu
214,Books,7,2.66,2.66,Thu
227,Books,7,6.99,9.01,Fri
235,Books,10,1.845,2.46,Sun
244,Books,10,6.15,6.15,Tue
254,Books,10,4.92,4.92,Wed
269,Books,7,0.01,11.5,Sat
289,Books,5,1.23,1.23,Mon
292,Books,10,1.229546517,26.3,Sat
362,Books,3,2.99,2.99,Sat
363,Books,5,3.99,3.99,Mon
364,Books,7,4.5,4.85,Fri
370,Books,5,1.23,1.23,Thu
474,Books,10,1.23,1.23,Wed
475,Books,10,1.23,1.23,Wed
476,Books,10,1.23,1.23,Wed
478,Books,5,1.23,1.23,Fri
511,Books,7,8.905730081,219.52,Thu
553,Books,7,1,203.5,Mon
560,Books,7,9.99,9.99,Sun
613,Books,10,1.228,3.07,Sat
614,Books,10,1.23,1.23,Sat
628,Books,7,3.99,3.99,Sun
665,Books,10,1.829999999,1.829999999,Tue
666,Books,10,1.71,1.71,Tue
667,Books,7,9.99,256,Tue
692,Books,7,11.06586826,12.32,Sun
693,Books,1,11.93050762,24.23000001,Sat
696,Books,7,3.99,3.99,Sun
745,Books,10,1.226666667,1.840000001,Tue
776,Books,7,50,50,Tue
777,Books,5,10.99,10.99,Sun
778,Books,7,50,56,Mon
779,Books,7,5.99,5.99,Mon
834,Books,7,2.65965,3.57,Thu
835,Books,7,2.66,2.66,Thu
1073,Books,7,3.99,7.5,Sun
1076,Books,7,3.99,4.25,Sun
1082,Books,7,2.99,2.99,Sun
1083,Books,7,4.99,10.5,Tue
1084,Books,7,3.99,4.24,Tue
1085,Books,7,2.99,9.59,Mon
1086,Books,7,5.99,6.49,Mon
38,Clothing/Accessories,10,1.229333333,9.219999998,Sun
48,Clothing/Accessories,7,2.45,2.45,Sat
58,Clothing/Accessories,3,1.229655172,17.82999999,Thu
59,Clothing/Accessories,3,11.06666667,49.80000002,Sat
60,Clothing/Accessories,5,1.22962963,49.80000002,Mon
62,Clothing/Accessories,7,1.23,1.23,Thu
63,Clothing/Accessories,10,1.23,3.69,Sun
64,Clothing/Accessories,10,1.23,3.69,Sun
65,Clothing/Accessories,7,1.229638554,51.02999999,Fri
103,Clothing/Accessories,7,1.767333333,4.82,Thu
147,Clothing/Accessories,7,1.766914286,74.96000001,Thu
158,Clothing/Accessories,7,6.140000001,6.140000001,Thu
159,Clothing/Accessories,7,6.140000001,6.140000001,Thu
160,Clothing/Accessories,7,4.91,4.91,Fri
174,Clothing/Accessories,3,8.490000003,8.490000003,Thu
177,Clothing/Accessories,7,12.17526315,49.06999998,Wed
178,Clothing/Accessories,7,12.17526315,49.06999998,Wed
179,Clothing/Accessories,7,12.17468227,36.76999999,Wed
180,Clothing/Accessories,7,12.1749375,118.06,Tue
181,Clothing/Accessories,7,12.17489362,98.26,Tue
182,Clothing/Accessories,7,12.17376362,73.35,Tue
183,Clothing/Accessories,7,12.17505883,62.72000002,Tue
184,Clothing/Accessories,7,12.17373627,55.95000002,Tue
185,Clothing/Accessories,7,12.17506964,44.15,Tue
186,Clothing/Accessories,7,12.17541445,43.77000001,Tue
187,Clothing/Accessories,7,12.17468227,36.76999999,Tue
188,Clothing/Accessories,7,12.17468227,36.76999999,Tue
189,Clothing/Accessories,7,12.17468227,36.76999999,Tue
190,Clothing/Accessories,7,6.025622492,30.62000001,Tue
191,Clothing/Accessories,5,12.174,81.16000002,Mon
192,Clothing/Accessories,5,12.1737541,75.00999999,Mon
193,Clothing/Accessories,5,12.17419032,73.66000002,Mon
194,Clothing/Accessories,5,12.1751927,60.62999999,Mon
195,Clothing/Accessories,5,12.17373627,55.95000002,Mon
196,Clothing/Accessories,5,12.17526315,49.06999998,Mon
197,Clothing/Accessories,5,12.17560563,43.66,Mon
204,Clothing/Accessories,10,2.446373333,9.219999998,Fri
232,Clothing/Accessories,7,1.229861467,23.96999999,Sun
238,Clothing/Accessories,7,12.28574118,31.36000001,Sat
239,Clothing/Accessories,10,6.024697985,18.31999999,Tue
240,Clothing/Accessories,10,1.23,1.23,Tue
245,Clothing/Accessories,7,3.6777,6.15,Thu
248,Clothing/Accessories,7,3.680000001,3.680000001,Sat
277,Clothing/Accessories,7,6.136612953,41.21000001,Thu
284,Clothing/Accessories,10,2.446973314,35.01999999,Sun
285,Clothing/Accessories,10,2.447162163,45.50000001,Sat
286,Clothing/Accessories,10,2.446992095,31.11000001,Sat
293,Clothing/Accessories,5,4.99,7.25,Sat
307,Clothing/Accessories,7,1.23,22.14,Wed
308,Clothing/Accessories,5,1.229677419,19.05999999,Mon
328,Clothing/Accessories,10,2.447301705,16.59,Thu
329,Clothing/Accessories,10,2.44372,3.07,Thu
344,Clothing/Accessories,5,1.229750779,110.53,Thu
345,Clothing/Accessories,10,1.229850746,41.19999999,Sun
346,Clothing/Accessories,5,1.229741379,142.65,Mon
347,Clothing/Accessories,5,1.229713293,141.54,Mon
348,Clothing/Accessories,7,1.229866667,46.12000001,Mon
349,Clothing/Accessories,7,1.22969697,40.58000001,Mon
350,Clothing/Accessories,7,1.229846154,39.97000001,Mon
351,Clothing/Accessories,7,1.229836066,37.51000001,Mon
352,Clothing/Accessories,7,1.229830508,36.27999999,Mon
353,Clothing/Accessories,7,1.229818182,33.82000001,Mon
371,Clothing/Accessories,10,43.04222223,166.02,Tue
444,Clothing/Accessories,3,18.99,18.99,Sun
469,Clothing/Accessories,10,9.83840504,23.44000001,Wed
470,Clothing/Accessories,10,9.84,22.14,Wed
477,Clothing/Accessories,5,1.23,1.23,Sat
490,Clothing/Accessories,7,2.99,15.5,Fri
521,Clothing/Accessories,3,9.99,86,Sun
522,Clothing/Accessories,10,12.23426065,24.53,Sat
525,Clothing/Accessories,7,7.38,19.68,Tue
526,Clothing/Accessories,10,4.92,17.22,Fri
542,Clothing/Accessories,7,11.07,23.37,Wed
543,Clothing/Accessories,7,6.135136757,18.43,Wed
544,Clothing/Accessories,7,6.135136757,18.43,Tue
545,Clothing/Accessories,7,6.135136757,18.43,Tue
548,Clothing/Accessories,10,1.229714286,21.52000001,Wed
576,Clothing/Accessories,7,11.07,11.07,Thu
577,Clothing/Accessories,5,1.229658428,44.27999999,Sun
595,Clothing/Accessories,10,12.24,12.24,Wed
596,Clothing/Accessories,10,12.24,12.24,Wed
597,Clothing/Accessories,10,12.24,12.24,Wed
598,Clothing/Accessories,10,11.01,11.01,Wed
599,Clothing/Accessories,10,6.085685618,18.38,Tue
600,Clothing/Accessories,10,6.085685618,18.38,Tue
601,Clothing/Accessories,10,6.085685618,18.38,Tue
602,Clothing/Accessories,10,12.24,12.24,Tue
603,Clothing/Accessories,10,6.086174495,27.47999999,Thu
604,Clothing/Accessories,10,12.24,12.24,Thu
605,Clothing/Accessories,10,12.24,12.24,Thu
606,Clothing/Accessories,10,12.24,12.24,Thu
607,Clothing/Accessories,10,12.24,12.24,Thu
608,Clothing/Accessories,10,12.24,12.24,Thu
609,Clothing/Accessories,10,12.24,12.24,Sun
610,Clothing/Accessories,10,9.779999998,9.779999998,Sun
668,Clothing/Accessories,7,1.22971831,87.31000001,Thu
690,Clothing/Accessories,7,12.28385192,24.57999999,Wed
691,Clothing/Accessories,7,1.230113636,4.329999999,Wed
713,Clothing/Accessories,5,6.14814815,49.80000002,Sat
714,Clothing/Accessories,7,9.159999997,9.159999997,Sat
715,Clothing/Accessories,5,6.086065575,7.500000002,Mon
716,Clothing/Accessories,5,6.024697985,18.31999999,Fri
717,Clothing/Accessories,5,3.56681128,17.01,Fri
718,Clothing/Accessories,5,2.447445863,22.15,Tue
837,Clothing/Accessories,7,24.99,60,Tue
842,Clothing/Accessories,7,0.535304348,20.52,Thu
846,Clothing/Accessories,7,1.77,1.77,Thu
1041,Clothing/Accessories,10,2.46,14.76,Thu
1042,Clothing/Accessories,10,12.3,12.3,Thu
1068,Clothing/Accessories,7,8.99,8.99,Sun
1074,Clothing/Accessories,7,6.99,6.99,Sun
1077,Clothing/Accessories,7,3.99,3.99,Sun
1090,Clothing/Accessories,10,3.68909091,40.58000001,Sat
1091,Clothing/Accessories,10,2.459833796,35.52000001,Sat
1103,Clothing/Accessories,10,6.136093834,67.61999998,Thu
1128,Clothing/Accessories,7,9.99,9.99,Sat
1129,Clothing/Accessories,7,9.99,9.99,Sat
1130,Clothing/Accessories,7,9.99,9.99,Fri
1,Collectibles,5,0.01,112.52,Tue
2,Collectibles,5,0.01,61.05,Tue
3,Collectibles,5,0.01,52.02,Tue
4,Collectibles,5,0.01,46.02,Tue
5,Collectibles,5,0.01,26,Tue
6,Collectibles,5,0.01,20.7,Tue
9,Collectibles,5,0.01,188.33,Fri
10,Collectibles,5,0.01,43,Fri
11,Collectibles,5,0.01,23.65,Fri
12,Collectibles,5,0.01,22,Fri
16,Collectibles,5,19.99,77,Sun
34,Collectibles,7,10.70758928,31.97999999,Thu
35,Collectibles,7,2.678181818,9.819999998,Thu
36,Collectibles,7,7.14,7.14,Thu
43,Collectibles,10,1.22970297,124.2,Sat
44,Collectibles,5,0.99,103.55,Mon
102,Collectibles,3,5.99,5.99,Sun
104,Collectibles,7,3.99,11.5,Sat
107,Collectibles,7,1.784490961,37.51,Thu
110,Collectibles,7,1.784029038,9.829999999,Thu
114,Collectibles,10,1.229686791,54.18000001,Tue
137,Collectibles,1,9.99,31.01,Fri
199,Collectibles,5,6,21.33,Sun
200,Collectibles,7,1.229411765,10.45,Thu
201,Collectibles,7,1.22962963,16.60000001,Fri
202,Collectibles,7,1.229333333,9.219999998,Fri
203,Collectibles,7,1.228571429,4.300000002,Fri
230,Collectibles,7,1.23,3.69,Wed
231,Collectibles,7,2.4477,12.3,Sat
257,Collectibles,7,2,122.5,Mon
258,Collectibles,7,3.99,5.5,Sun
270,Collectibles,7,9.99,20.39,Tue
271,Collectibles,7,9.99,66,Mon
275,Collectibles,7,0.99,232.5,Sat
281,Collectibles,7,5,74.75,Sat
282,Collectibles,7,5,36,Sat
295,Collectibles,5,2.44830303,4.059999999,Fri
298,Collectibles,10,1.229090909,6.76,Wed
299,Collectibles,7,1.229802513,27.39999999,Sun
306,Collectibles,3,2.5,2.5,Sun
316,Collectibles,3,6.15,6.15,Thu
318,Collectibles,7,6.14761905,25.82000001,Fri
319,Collectibles,7,6.145454545,6.76,Fri
321,Collectibles,10,10.95387097,13.72,Thu
322,Collectibles,7,9.99,16.5,Sun
323,Collectibles,7,8.99,15.5,Sun
324,Collectibles,7,9.99,10.75,Sun
332,Collectibles,7,9.99,17.5,Sun
333,Collectibles,10,2.45,2.45,Sun
334,Collectibles,10,2.45,2.45,Sun
335,Collectibles,10,2.447441559,9.470000001,Mon
336,Collectibles,10,2.447232376,9.42,Mon
337,Collectibles,10,2.446558604,4.93,Mon
338,Collectibles,10,2.45,2.45,Mon
339,Collectibles,10,2.45,2.45,Mon
340,Collectibles,10,2.45,2.45,Mon
341,Collectibles,10,2.45,2.45,Mon
355,Collectibles,3,9.99,9.99,Sun
369,Collectibles,3,20,20,Sat
424,Collectibles,7,9.99,163,Sun
425,Collectibles,7,24.99,32.03,Mon
426,Collectibles,10,6.136180201,38.75999999,Fri
435,Collectibles,3,1,1,Sat
467,Collectibles,10,4,6.05,Sat
472,Collectibles,5,219,219,Sat
479,Collectibles,10,2.45,2.45,Mon
480,Collectibles,10,2.45,2.45,Mon
482,Collectibles,3,1.230145867,7.589999999,Fri
489,Collectibles,3,9.99,87.67,Sat
492,Collectibles,7,9.99,285,Sun
493,Collectibles,7,9.99,75,Sun
494,Collectibles,7,9.99,33.5,Sun
495,Collectibles,7,9.99,33.25,Sun
496,Collectibles,7,9.99,26,Sun
497,Collectibles,7,9.99,21.61,Sun
498,Collectibles,7,9.99,10.5,Sun
499,Collectibles,7,9.99,9.99,Sun
500,Collectibles,7,6.75,27.78,Mon
510,Collectibles,7,199.99,199.99,Mon
529,Collectibles,10,0.99,73.52,Sun
533,Collectibles,7,53.52,53.52,Thu
546,Collectibles,10,1.229888816,37.60999999,Wed
547,Collectibles,10,1.22978529,26.92,Wed
549,Collectibles,7,1.229686342,49.78999999,Sun
561,Collectibles,7,9.99,9.99,Sun
562,Collectibles,7,29.99,29.99,Mon
563,Collectibles,5,9.99,9.99,Mon
571,Collectibles,10,7.38,7.38,Fri
572,Collectibles,10,7.38,7.38,Fri
611,Collectibles,7,4.99,4.99,Sat
612,Collectibles,3,0.25,4.75,Sat
630,Collectibles,7,9.99,26,Sun
631,Collectibles,10,2.447627031,23.48000001,Wed
632,Collectibles,10,2.4477,3.69,Wed
633,Collectibles,10,2.447523778,37.49999999,Tue
634,Collectibles,10,2.447503525,8.719999997,Tue
635,Collectibles,10,2.446327587,7.130000001,Tue
636,Collectibles,10,2.445488889,5.530000001,Tue
637,Collectibles,10,2.4477,3.69,Tue
638,Collectibles,10,2.45,2.45,Thu
639,Collectibles,10,2.446752382,12.91000001,Mon
640,Collectibles,10,2.446752382,12.91000001,Mon
641,Collectibles,10,2.446652631,11.68,Mon
642,Collectibles,10,2.4477,9.84,Mon
643,Collectibles,10,2.446373333,9.219999998,Mon
644,Collectibles,10,2.446373333,9.219999998,Mon
645,Collectibles,10,2.447963576,7.429999998,Mon
646,Collectibles,10,2.4477,6.15,Mon
647,Collectibles,10,2.4477,6.15,Mon
648,Collectibles,10,2.4477,6.15,Mon
649,Collectibles,10,2.449735973,3.729999999,Mon
650,Collectibles,10,2.44372,3.07,Mon
651,Collectibles,10,2.445542169,3.060000001,Mon
652,Collectibles,10,2.45,2.45,Mon
653,Collectibles,10,2.45,2.45,Mon
654,Collectibles,10,2.446652631,11.68,Fri
655,Collectibles,10,2.448320952,8.280000002,Fri
694,Collectibles,1,24.99,24.99,Fri
701,Collectibles,10,1.23,1.23,Tue
702,Collectibles,10,1.23,1.23,Tue
703,Collectibles,10,1.23,1.23,Tue
705,Collectibles,7,6.15,6.15,Fri
706,Collectibles,7,6.15,6.15,Fri
712,Collectibles,7,1.766522911,6.620000001,Thu
729,Collectibles,5,7.5,9.5,Fri
730,Collectibles,5,7.5,9.01,Fri
731,Collectibles,5,7.5,8,Fri
732,Collectibles,5,7.5,7.5,Fri
733,Collectibles,5,7.5,7.5,Fri
734,Collectibles,5,7.5,7.5,Fri
735,Collectibles,5,7.5,7.5,Fri
736,Collectibles,5,7.5,7.5,Fri
737,Collectibles,5,7.5,7.5,Fri
738,Collectibles,5,7.5,7.5,Fri
739,Collectibles,5,7.5,7.5,Fri
740,Collectibles,3,0.99,22.5,Sun
746,Collectibles,10,1.23,1.23,Fri
749,Collectibles,7,11.06859206,20.44,Tue
769,Collectibles,5,6.99,9,Sun
770,Collectibles,5,6.99,6.99,Sun
771,Collectibles,5,6.99,6.99,Sun
772,Collectibles,5,6.99,6.99,Sun
773,Collectibles,5,6.99,6.99,Sun
774,Collectibles,5,6.99,6.99,Sun
780,Collectibles,3,0.99,169.87,Sat
781,Collectibles,3,0.99,115.27,Sat
782,Collectibles,3,0.99,48,Sat
783,Collectibles,3,0.99,40.56,Sat
784,Collectibles,3,0.99,36.55,Sat
785,Collectibles,3,0.99,34.06,Sat
786,Collectibles,3,0.99,33.14,Sat
787,Collectibles,5,0.99,14.5,Mon
788,Collectibles,5,0.99,0.99,Mon
792,Collectibles,7,5.99,10.01,Mon
816,Collectibles,7,3,3.25,Sat
817,Collectibles,7,2,2.75,Sat
818,Collectibles,7,2,2,Sat
819,Collectibles,7,2,2,Sat
820,Collectibles,7,2,2,Sat
821,Collectibles,7,0.99,1.25,Sat
822,Collectibles,7,0.99,0.99,Sat
823,Collectibles,7,0.99,0.99,Sat
824,Collectibles,7,0.99,0.99,Sat
825,Collectibles,7,0.99,0.99,Sat
826,Collectibles,7,2,2,Fri
827,Collectibles,7,0.99,0.99,Fri
828,Collectibles,7,5,11.12,Mon
829,Collectibles,7,5,5,Mon
830,Collectibles,7,3,3,Mon
831,Collectibles,7,2,2.34,Mon
832,Collectibles,7,2,2,Mon
836,Collectibles,10,0.99,62.99,Sat
838,Collectibles,7,24.99,24.99,Tue
1036,Collectibles,3,7,7,Sun
1040,Collectibles,3,9.99,86.04,Sat
1045,Collectibles,7,11.99,38.5,Sat
1046,Collectibles,7,11.99,16.56,Sat
1047,Collectibles,7,9.99,15.55,Sat
1048,Collectibles,7,11.99,13.05,Sat
1049,Collectibles,7,11.99,13,Sat
1050,Collectibles,7,11.99,11.99,Sat
1051,Collectibles,7,11.99,11.99,Sat
1052,Collectibles,7,11.99,11.99,Sat
1053,Collectibles,7,11.99,11.99,Sat
1054,Collectibles,7,11.99,11.99,Sat
1055,Collectibles,7,11.95,11.95,Sat
1056,Collectibles,7,9.99,9.99,Sat
1057,Collectibles,7,9.99,9.99,Sat
1058,Collectibles,7,9.42,9.42,Sat
1059,Collectibles,7,2.99,6.5,Sat
1060,Collectibles,7,2.99,5.5,Sat
1061,Collectibles,7,2.99,5.5,Sat
1062,Collectibles,7,2.99,2.99,Sat
1064,Collectibles,7,9.99,19.49,Sun
1067,Collectibles,7,9.99,9.99,Sun
1075,Collectibles,7,6.99,6.99,Sun
1078,Collectibles,7,3.99,3.99,Sun
1093,Collectibles,7,4.99,4.99,Sat
1094,Collectibles,7,4.5,4.5,Sat
1095,Collectibles,7,4.99,4.99,Fri
1097,Collectibles,5,5.99,5.99,Sun
1098,Collectibles,5,5.5,5.5,Sun
1104,Collectibles,7,3.675927636,15.97,Tue
1105,Collectibles,7,12.29,12.29,Tue
1111,Collectibles,3,16.95,31,Sat
1112,Collectibles,3,27.95,27.95,Sat
1113,Collectibles,3,14.99,15.5,Sat
1114,Collectibles,3,14.99,14.99,Sat
1115,Collectibles,3,12.99,12.99,Sat
1116,Collectibles,3,10.99,10.99,Sat
1117,Collectibles,3,16.99,16.99,Fri
1118,Collectibles,3,16.99,16.99,Fri
1119,Collectibles,3,14.99,14.99,Fri
1120,Collectibles,3,14.99,14.99,Fri
1121,Collectibles,3,10.99,10.99,Fri
1122,Collectibles,3,10.99,10.99,Fri
1142,Collectibles,10,1.23,1.23,Sun
1164,Collectibles,10,0.5,9.57,Sun
1170,Collectibles,3,19.99,25.49,Sat
1172,Collectibles,7,16.99,56,Sun
1176,Collectibles,7,2.99,2.99,Sun
1177,Collectibles,7,3.99,3.99,Sat
8,Computer,5,1.229824561,35.04999999,Mon
42,Computer,7,0.99,15.51,Mon
45,Computer,7,5.354916066,22.33,Thu
47,Computer,3,0.99,265,Sat
54,Computer,7,1.23,1.23,Fri
94,Computer,7,150,227.5,Sun
132,Computer,7,2.45,2.45,Thu
133,Computer,3,2.45,2.45,Sun
138,Computer,7,9.99,28,Sun
140,Computer,7,1.23,9.84,Tue
198,Computer,10,1.23,1.23,Wed
210,Computer,7,2.446781539,19.98000001,Sun
250,Computer,3,9.99,162.5,Sat
251,Computer,3,9.99,124.5,Sat
252,Computer,3,9.99,120.99,Sat
253,Computer,3,9.99,117.5,Sat
256,Computer,1,1.229756098,25.21000001,Thu
276,Computer,5,2.5,2.5,Mon
290,Computer,3,0.99,0.99,Sat
291,Computer,5,0.99,8.5,Mon
296,Computer,7,9.99,41.5,Sun
300,Computer,3,0.99,26,Sat
301,Computer,5,0.99,15.5,Mon
473,Computer,10,2.446179401,3.699999999,Fri
627,Computer,5,9.99,9.99,Mon
800,Computer,10,2.45,2.45,Sun
833,Computer,5,0.99,11.5,Sat
1043,Computer,10,1.23,1.23,Thu
1044,Computer,10,1.23,1.23,Thu
1087,Computer,1,1,230,Fri
1089,Computer,5,19.95,19.95,Mon
1106,Computer,7,0.99,0.99,Tue
1193,Computer,7,9.99,9.99,Fri
13,Electronics,10,1.22969697,81.16000002,Sat
14,Electronics,5,0.01,62,Sat
17,Electronics,3,67.63480664,222.58,Sat
19,Electronics,5,69.99,69.99,Tue
22,Electronics,5,1.23,1.23,Sun
24,Electronics,10,1.229751553,197.99,Sat
26,Electronics,10,122.9754902,250.87,Wed
27,Electronics,7,122.9739284,278.29,Sun
49,Electronics,10,1.229708738,126.66,Sun
55,Electronics,3,1.229772727,270.5499999,Sun
61,Electronics,3,1,80,Sat
71,Electronics,5,1.229743996,186.38,Fri
93,Electronics,7,12.29,12.29,Thu
95,Electronics,7,1.22975,245.95,Mon
98,Electronics,10,1.229782686,69.03999999,Sun
136,Electronics,5,1.229911446,37.49999999,Sun
157,Electronics,10,1.229752463,51.16999999,Sun
166,Electronics,7,5.99,120.5,Mon
167,Electronics,7,5.99,52.23,Mon
170,Electronics,7,50,187.5,Fri
249,Electronics,10,9.838333336,59.03000002,Wed
280,Electronics,7,1.22978022,111.91,Sat
287,Electronics,5,9.99,12.5,Sun
288,Electronics,5,6.99,8.95,Sun
330,Electronics,7,22.95,22.95,Tue
331,Electronics,7,22.95,22.95,Mon
443,Electronics,5,1.229760479,205.37,Mon
446,Electronics,5,4.99,30,Mon
468,Electronics,10,1.229735099,185.6899999,Fri
656,Electronics,7,1.23,2.46,Wed
657,Electronics,7,1.23,2.46,Wed
658,Electronics,7,1.23,2.46,Sat
659,Electronics,7,1.226666667,1.840000001,Sat
660,Electronics,7,1.23,1.23,Sat
661,Electronics,7,1.226666667,1.840000001,Mon
662,Electronics,7,1.226666667,1.840000001,Fri
663,Electronics,7,1.226666667,1.840000001,Fri
664,Electronics,7,1.226666667,1.840000001,Fri
741,Electronics,5,7.99,7.99,Tue
793,Electronics,5,9.99,222.5,Mon
794,Electronics,5,199.99,202.5,Mon
795,Electronics,5,9.99,167.5,Mon
796,Electronics,5,9.99,114.5,Mon
797,Electronics,5,9.99,86,Mon
798,Electronics,5,79.99,79.99,Mon
799,Electronics,5,9.99,42.77,Mon
840,Electronics,3,0.1,81.55,Fri
1133,Electronics,10,2.4477,3.69,Wed
1136,Electronics,10,2.445890909,6.76,Tue
1139,Electronics,10,2.448805556,4.430000002,Sun
1148,Electronics,10,1.229956793,25.62,Mon
1155,Electronics,10,2.45,2.45,Mon
1163,Electronics,10,2.45,2.45,Fri
1195,Electronics,5,25,25,Tue
37,Home/Garden,10,6.15,18.45,Sun
51,Home/Garden,7,0.017846154,11.6,Thu
72,Home/Garden,7,3.551384616,17.4,Thu
73,Home/Garden,7,1.766009501,7.51,Thu
74,Home/Garden,7,1.767857143,7.500000001,Thu
75,Home/Garden,7,1.76653125,5.71,Thu
76,Home/Garden,7,1.76653125,5.71,Thu
77,Home/Garden,7,1.7655,5.349999999,Thu
78,Home/Garden,7,1.766769231,4.640000001,Thu
79,Home/Garden,7,1.7655,4.279999999,Thu
80,Home/Garden,7,1.7655,4.279999999,Thu
81,Home/Garden,7,1.764977376,3.94,Thu
82,Home/Garden,7,1.767857143,3.750000001,Thu
83,Home/Garden,7,1.766368421,3.389999999,Thu
84,Home/Garden,7,1.765028572,3.12,Thu
85,Home/Garden,7,1.764529412,3.03,Thu
86,Home/Garden,7,1.769112427,3.020000001,Thu
87,Home/Garden,7,1.769625,2.86,Thu
88,Home/Garden,7,1.766875,2.57,Thu
89,Home/Garden,7,1.7655,2.14,Thu
90,Home/Garden,10,1.23,1.23,Tue
91,Home/Garden,5,1.228888889,5.530000001,Sat
92,Home/Garden,7,1.229672131,75.00999999,Fri
97,Home/Garden,7,1.229649239,18.58,Thu
113,Home/Garden,10,1.229752066,59.51999999,Tue
116,Home/Garden,10,9.838048784,25.21000001,Fri
117,Home/Garden,10,9.838048784,25.21000001,Fri
118,Home/Garden,10,1.23,1.23,Fri
143,Home/Garden,7,1.229677419,57.17999998,Tue
171,Home/Garden,7,2.459744586,22.15,Fri
172,Home/Garden,7,11.06730066,16.81,Fri
173,Home/Garden,7,11.06571429,12.91000001,Fri
212,Home/Garden,7,5.533448274,17.82999999,Sun
234,Home/Garden,5,1.22997416,14.28,Sat
241,Home/Garden,3,24.77,24.77,Sat
255,Home/Garden,5,5,5,Mon
278,Home/Garden,7,3.57,3.57,Thu
283,Home/Garden,5,0.99,11.5,Mon
317,Home/Garden,7,0.01,112.5,Mon
327,Home/Garden,3,50,50,Sun
372,Home/Garden,7,1.766188748,9.829999999,Thu
383,Home/Garden,10,8.5,41,Sun
428,Home/Garden,5,24.6,24.6,Tue
429,Home/Garden,5,11.07,23.37,Tue
430,Home/Garden,3,1.229579699,31.01000001,Sat
431,Home/Garden,3,2.446986971,15.1,Thu
432,Home/Garden,3,2.447187798,12.9,Sat
445,Home/Garden,3,29.99,29.99,Sat
461,Home/Garden,5,0.99,2.2,Mon
483,Home/Garden,1,19.99,51,Fri
524,Home/Garden,5,9.99,9.99,Mon
540,Home/Garden,5,9.99,177.5,Mon
570,Home/Garden,7,23.5,23.5,Sun
575,Home/Garden,10,6.025622492,30.62000001,Wed
618,Home/Garden,7,3.07,3.07,Fri
619,Home/Garden,10,2.447075821,49.78999999,Sun
620,Home/Garden,10,2.447115716,28.47999999,Sun
621,Home/Garden,10,2.446976255,40.91,Mon
622,Home/Garden,10,2.447042003,27.52000001,Mon
623,Home/Garden,10,2.4477,22.14,Mon
624,Home/Garden,10,2.447013792,17.82999999,Mon
625,Home/Garden,5,3.99,10.5,Mon
626,Home/Garden,10,2.446243903,10.08,Mon
670,Home/Garden,10,9.95,60,Mon
675,Home/Garden,10,1.22971831,87.31000001,Wed
676,Home/Garden,10,1.229836066,37.51000001,Wed
677,Home/Garden,10,1.229787234,34.68,Wed
678,Home/Garden,10,1.229787234,34.68,Wed
679,Home/Garden,10,1.22972973,33.67000001,Fri
757,Home/Garden,3,0.99,28,Sat
759,Home/Garden,3,11.99,11.99,Sat
767,Home/Garden,3,9.99,9.99,Sun
768,Home/Garden,3,9.99,9.99,Sun
845,Home/Garden,7,1.766875,2.57,Thu
848,Home/Garden,7,0.534545455,0.98,Thu
1063,Home/Garden,7,8.99,31.59,Sun
1065,Home/Garden,7,12.99,16.01,Sun
1066,Home/Garden,7,14.99,14.99,Sun
1069,Home/Garden,7,8.99,8.99,Sun
1070,Home/Garden,7,6.99,8.01,Sun
1071,Home/Garden,7,7.99,7.99,Sun
1072,Home/Garden,7,7.99,7.99,Sun
1079,Home/Garden,7,3.99,3.99,Sun
1080,Home/Garden,7,3.99,3.99,Sun
1092,Home/Garden,7,2.445890909,6.76,Fri
1096,Home/Garden,3,24.99,24.99,Sun
1125,Home/Garden,7,2.45,2.45,Sat
1126,Home/Garden,7,2.45,2.45,Mon
1127,Home/Garden,5,2.44372,3.07,Fri
1131,Home/Garden,10,11.07,11.07,Wed
1134,Home/Garden,10,1.23,1.23,Wed
1135,Home/Garden,10,1.2296,15.37,Tue
1137,Home/Garden,10,1.23,1.23,Tue
1138,Home/Garden,10,7.378333332,44.26999999,Sun
1147,Home/Garden,10,2.459701492,41.19999999,Mon
1150,Home/Garden,10,11.07,11.07,Mon
1151,Home/Garden,10,11.07,11.07,Mon
1159,Home/Garden,10,11.06833713,48.59000001,Fri
1160,Home/Garden,5,7.378333332,44.26999999,Fri
1161,Home/Garden,10,11.07,11.07,Fri
1178,Home/Garden,7,3.99,3.99,Sat
100,Jewelry,1,2.45,2.45,Thu
101,Jewelry,1,2.45,2.45,Fri
111,Jewelry,10,2.448525347,8.010000003,Wed
343,Jewelry,7,21.42,21.42,Thu
361,Jewelry,10,3.565426356,15.86,Tue
433,Jewelry,3,1,9.72,Sat
434,Jewelry,3,1,3.25,Sat
437,Jewelry,5,19.99,31,Mon
438,Jewelry,5,19.99,19.99,Mon
439,Jewelry,5,14.99,14.99,Mon
484,Jewelry,5,12.29,12.29,Sun
485,Jewelry,7,4.99,4.99,Sun
491,Jewelry,5,12.99,12.99,Mon
523,Jewelry,3,2,2.5,Sun
530,Jewelry,5,11.01,11.01,Sun
531,Jewelry,5,8.549999998,8.549999998,Sun
532,Jewelry,3,12.23516747,12.85,Fri
550,Jewelry,7,3.57,14.28,Thu
551,Jewelry,7,3.56923077,11.6,Thu
552,Jewelry,7,3.57090909,9.819999998,Thu
573,Jewelry,7,1,1,Mon
574,Jewelry,7,0.99,12.83,Tue
719,Jewelry,5,19.95,25,Sat
720,Jewelry,5,19.95,19.95,Sat
721,Jewelry,7,19.95,19.95,Mon
722,Jewelry,7,19.95,19.95,Mon
723,Jewelry,7,19.95,19.95,Mon
724,Jewelry,5,19.95,19.95,Fri
725,Jewelry,7,17.95,17.95,Fri
726,Jewelry,7,17.95,17.95,Fri
727,Jewelry,7,17.95,17.95,Fri
728,Jewelry,7,17.95,17.95,Fri
747,Jewelry,7,4.857098121,29.45,Wed
748,Jewelry,7,11.06865671,41.19999999,Tue
750,Jewelry,7,4.857098121,29.45,Thu
751,Jewelry,3,12.23426065,24.53,Thu
752,Jewelry,7,11.07,11.07,Thu
753,Jewelry,7,8.61,8.61,Thu
754,Jewelry,7,6.0885,24.6,Sun
755,Jewelry,7,11.00688946,23.91999999,Sun
756,Jewelry,7,13.47,13.47,Sun
758,Jewelry,7,8.608000002,21.52000001,Sat
760,Jewelry,7,11.05514226,11.67,Sat
761,Jewelry,7,11.00443182,27.05000001,Mon
762,Jewelry,5,12.23426065,24.53,Mon
763,Jewelry,7,1.229565217,14.14,Mon
764,Jewelry,7,11.0067451,31.36000001,Fri
765,Jewelry,7,6.086023723,23.84,Fri
766,Jewelry,7,3.628841699,15.93,Fri
775,Jewelry,7,5.349999999,5.349999999,Thu
1102,Jewelry,5,5,26,Sat
1149,Jewelry,10,3.6777,19.68,Mon
1152,Jewelry,10,11.07,11.07,Mon
1153,Jewelry,10,1.229090909,6.76,Mon
1166,Jewelry,10,11.06526316,11.68,Sat
1181,Jewelry,7,9.99,9.99,Mon
1190,Jewelry,7,3.89,3.89,Mon
1191,Jewelry,7,9.99,11.51,Fri
18,Music/Movie/Game,3,36.89000001,36.89000001,Sat
29,Music/Movie/Game,7,1.766933129,23.22,Thu
30,Music/Movie/Game,7,1.766914286,18.74,Thu
31,Music/Movie/Game,7,1.76697931,12.94,Thu
32,Music/Movie/Game,7,1.7676,9.819999998,Thu
33,Music/Movie/Game,7,1.767255319,8.39,Thu
50,Music/Movie/Game,7,10,26,Fri
66,Music/Movie/Game,3,7.99,7.99,Sat
67,Music/Movie/Game,3,7.99,7.99,Sat
68,Music/Movie/Game,3,7.99,7.99,Sat
69,Music/Movie/Game,3,6.99,6.99,Sat
70,Music/Movie/Game,3,4.99,4.99,Sat
96,Music/Movie/Game,7,0.894230769,1.86,Thu
119,Music/Movie/Game,7,2.45,2.45,Thu
120,Music/Movie/Game,7,1.228,3.07,Mon
121,Music/Movie/Game,7,1.829999999,1.829999999,Mon
123,Music/Movie/Game,7,1.23,1.23,Mon
124,Music/Movie/Game,7,4.443692309,11.6,Thu
125,Music/Movie/Game,7,4.442336282,10.08,Thu
126,Music/Movie/Game,7,4.444914894,8.39,Thu
127,Music/Movie/Game,7,4.44309375,5.71,Thu
128,Music/Movie/Game,7,4.445813149,5.16,Thu
129,Music/Movie/Game,7,4.443122676,4.8,Thu
130,Music/Movie/Game,7,4.44,4.44,Thu
131,Music/Movie/Game,7,4.44,4.44,Thu
144,Music/Movie/Game,7,1.76715,14.28,Thu
145,Music/Movie/Game,7,1.766769231,11.6,Thu
146,Music/Movie/Game,7,1.7685,3.929999999,Thu
148,Music/Movie/Game,7,5,37,Tue
149,Music/Movie/Game,7,3,6.5,Tue
150,Music/Movie/Game,7,2.46,2.46,Sun
151,Music/Movie/Game,5,9.99,9.99,Sun
152,Music/Movie/Game,5,8.99,8.99,Sun
153,Music/Movie/Game,5,8.99,8.99,Sun
155,Music/Movie/Game,5,8.99,45.44,Mon
156,Music/Movie/Game,5,8.99,22.76,Mon
169,Music/Movie/Game,7,1.77,1.77,Thu
205,Music/Movie/Game,5,0.99,10.52,Sat
206,Music/Movie/Game,7,5.355,17.85,Thu
207,Music/Movie/Game,7,8.905230771,11.6,Thu
208,Music/Movie/Game,7,5.357142858,7.500000001,Thu
209,Music/Movie/Game,7,5.349999999,5.349999999,Thu
211,Music/Movie/Game,7,8.925,10.71,Thu
215,Music/Movie/Game,7,8.61,8.61,Sun
216,Music/Movie/Game,7,24.59636364,33.82000001,Fri
217,Music/Movie/Game,7,2.446752382,12.91000001,Fri
218,Music/Movie/Game,7,9.84,9.84,Fri
219,Music/Movie/Game,7,2.449661971,4.369999998,Fri
220,Music/Movie/Game,7,2.444857144,4.300000002,Fri
221,Music/Movie/Game,7,2.44372,3.07,Fri
222,Music/Movie/Game,7,2.45,2.45,Fri
223,Music/Movie/Game,7,2.45,2.45,Fri
224,Music/Movie/Game,7,2.45,2.45,Fri
225,Music/Movie/Game,7,2.45,2.45,Fri
228,Music/Movie/Game,7,1.764529412,3.03,Thu
229,Music/Movie/Game,7,1.77,1.77,Thu
233,Music/Movie/Game,1,10.69,10.69,Thu
236,Music/Movie/Game,7,17.84705882,182.04,Thu
237,Music/Movie/Game,7,17.84651163,76.74000001,Thu
242,Music/Movie/Game,5,1.229818182,33.82000001,Sat
243,Music/Movie/Game,10,1.766522911,6.620000001,Thu
247,Music/Movie/Game,7,8.909999999,8.909999999,Thu
259,Music/Movie/Game,10,6.140000001,6.140000001,Tue
260,Music/Movie/Game,10,4.903266667,5.530000001,Tue
274,Music/Movie/Game,10,8.909999999,8.909999999,Thu
294,Music/Movie/Game,3,2.662603551,3.020000001,Thu
297,Music/Movie/Game,3,6.47,6.47,Fri
302,Music/Movie/Game,5,0.99,9.5,Mon
326,Music/Movie/Game,10,1.229583975,7.979999998,Tue
354,Music/Movie/Game,10,8.61,8.61,Tue
356,Music/Movie/Game,7,8.90715,24.99,Thu
357,Music/Movie/Game,7,8.907522389,11.96,Thu
358,Music/Movie/Game,7,8.909999999,8.909999999,Thu
359,Music/Movie/Game,7,8.909999999,8.909999999,Thu
360,Music/Movie/Game,7,8.909999999,8.909999999,Thu
365,Music/Movie/Game,10,1.23,22.14,Tue
366,Music/Movie/Game,10,1.230022831,21.55,Tue
367,Music/Movie/Game,10,7.38,7.38,Tue
368,Music/Movie/Game,10,4.918163672,6.159999999,Tue
382,Music/Movie/Game,7,5,5,Sun
384,Music/Movie/Game,3,2.45,2.45,Sat
385,Music/Movie/Game,7,6.5,27.17,Sat
386,Music/Movie/Game,7,6.5,22.67,Sat
387,Music/Movie/Game,7,6.5,13,Sat
388,Music/Movie/Game,7,6.5,11.67,Sat
389,Music/Movie/Game,7,6.5,9.99,Sat
390,Music/Movie/Game,7,9.5,9.5,Sat
391,Music/Movie/Game,7,9.5,9.5,Sat
392,Music/Movie/Game,7,9.5,9.5,Sat
393,Music/Movie/Game,7,9.5,9.5,Sat
394,Music/Movie/Game,7,9.5,9.5,Sat
395,Music/Movie/Game,7,6.5,7,Sat
396,Music/Movie/Game,7,6.5,6.5,Sat
397,Music/Movie/Game,7,6.5,6.5,Sat
398,Music/Movie/Game,7,6.5,6.5,Sat
399,Music/Movie/Game,7,6.5,6.5,Sat
400,Music/Movie/Game,7,6.5,6.5,Sat
401,Music/Movie/Game,7,6.5,6.5,Sat
402,Music/Movie/Game,7,6.5,6.5,Sat
403,Music/Movie/Game,7,6.5,6.5,Sat
404,Music/Movie/Game,7,6.5,6.5,Sat
405,Music/Movie/Game,7,6.5,6.5,Sat
406,Music/Movie/Game,7,6.5,6.5,Sat
407,Music/Movie/Game,7,6.5,6.5,Sat
408,Music/Movie/Game,7,6.5,6.5,Sat
409,Music/Movie/Game,7,6.5,6.5,Sat
410,Music/Movie/Game,7,6.5,6.5,Sat
411,Music/Movie/Game,7,6.5,6.5,Sat
412,Music/Movie/Game,7,6.5,6.5,Sat
413,Music/Movie/Game,7,6.5,6.5,Sat
414,Music/Movie/Game,7,6.5,6.5,Sat
415,Music/Movie/Game,7,6.5,6.5,Sat
416,Music/Movie/Game,7,6.5,6.5,Sat
417,Music/Movie/Game,7,6.5,6.5,Sat
418,Music/Movie/Game,7,6.5,6.5,Sat
419,Music/Movie/Game,7,6.5,6.5,Sat
420,Music/Movie/Game,7,6.5,6.5,Sat
421,Music/Movie/Game,7,6.5,6.5,Sat
422,Music/Movie/Game,7,6.5,6.5,Sat
436,Music/Movie/Game,7,1.228,3.07,Sun
447,Music/Movie/Game,5,0.99,10.55,Mon
448,Music/Movie/Game,5,0.99,10.5,Mon
449,Music/Movie/Game,5,0.99,10,Mon
450,Music/Movie/Game,5,0.99,9.5,Mon
451,Music/Movie/Game,5,0.99,8,Mon
452,Music/Movie/Game,5,0.99,6.01,Mon
453,Music/Movie/Game,5,0.99,5.5,Mon
454,Music/Movie/Game,5,0.99,5.5,Mon
455,Music/Movie/Game,5,0.99,5.5,Mon
456,Music/Movie/Game,5,0.99,4.25,Mon
457,Music/Movie/Game,5,0.99,4.25,Mon
458,Music/Movie/Game,5,0.99,4,Mon
459,Music/Movie/Game,5,0.99,3.2,Mon
460,Music/Movie/Game,5,0.99,2.78,Mon
462,Music/Movie/Game,5,0.99,0.99,Mon
463,Music/Movie/Game,5,0.99,0.99,Mon
464,Music/Movie/Game,5,0.99,0.99,Mon
465,Music/Movie/Game,5,0.99,0.99,Mon
466,Music/Movie/Game,5,0.99,0.99,Mon
471,Music/Movie/Game,7,1.23,1.23,Mon
481,Music/Movie/Game,5,1.230027548,17.86,Fri
512,Music/Movie/Game,7,1.425882353,3.03,Thu
513,Music/Movie/Game,7,1.252631579,1.7,Thu
514,Music/Movie/Game,7,1.25,1.25,Thu
515,Music/Movie/Game,7,1.25,1.25,Thu
516,Music/Movie/Game,7,1.25,1.25,Thu
517,Music/Movie/Game,7,1.25,1.25,Thu
518,Music/Movie/Game,7,1.07,1.07,Thu
519,Music/Movie/Game,7,1.07,1.07,Thu
520,Music/Movie/Game,10,1.23,1.23,Thu
534,Music/Movie/Game,3,1.766504348,20.52,Thu
535,Music/Movie/Game,3,1.766914286,18.74,Thu
536,Music/Movie/Game,3,1.76715,17.85,Thu
537,Music/Movie/Game,3,1.76766756,6.659999999,Thu
538,Music/Movie/Game,3,1.7685,3.929999999,Thu
539,Music/Movie/Game,3,1.7685,3.929999999,Thu
554,Music/Movie/Game,5,14.99,14.99,Tue
555,Music/Movie/Game,5,7.99,26,Mon
556,Music/Movie/Game,5,7.99,7.99,Mon
557,Music/Movie/Game,5,7.99,7.99,Mon
558,Music/Movie/Game,5,7.99,7.99,Mon
559,Music/Movie/Game,5,5.99,5.99,Mon
564,Music/Movie/Game,7,1.229934924,17.01,Sun
565,Music/Movie/Game,7,1.230434783,5.660000002,Sun
566,Music/Movie/Game,7,1.230769231,5.600000001,Sun
567,Music/Movie/Game,5,1.23,4.92,Fri
568,Music/Movie/Game,5,1.228,3.07,Fri
569,Music/Movie/Game,5,1.23,1.23,Fri
629,Music/Movie/Game,7,1.23,1.23,Mon
671,Music/Movie/Game,10,6.140000001,6.140000001,Wed
672,Music/Movie/Game,10,4.903266667,5.530000001,Wed
673,Music/Movie/Game,10,7.369999998,7.369999998,Mon
674,Music/Movie/Game,10,6.140000001,6.140000001,Mon
680,Music/Movie/Game,10,1.23,1.23,Sun
681,Music/Movie/Game,10,1.23,1.23,Sun
682,Music/Movie/Game,5,9.95,36,Mon
683,Music/Movie/Game,5,9.95,32.51,Mon
684,Music/Movie/Game,5,9.95,20.5,Mon
685,Music/Movie/Game,5,9.95,19.59,Mon
686,Music/Movie/Game,5,9.95,18.86,Mon
687,Music/Movie/Game,5,9.95,18.25,Mon
688,Music/Movie/Game,5,9.95,13.95,Mon
689,Music/Movie/Game,5,9.95,10.45,Mon
697,Music/Movie/Game,10,1.767255319,8.39,Thu
698,Music/Movie/Game,10,5.349999999,5.349999999,Thu
699,Music/Movie/Game,10,5.349999999,5.349999999,Thu
700,Music/Movie/Game,10,6.15,6.15,Tue
704,Music/Movie/Game,7,12.3,12.3,Fri
707,Music/Movie/Game,7,6.15,6.15,Fri
708,Music/Movie/Game,7,3.685714287,4.300000002,Fri
709,Music/Movie/Game,7,3.685714287,4.300000002,Fri
742,Music/Movie/Game,7,1.23,1.23,Thu
743,Music/Movie/Game,7,1.23,1.23,Thu
789,Music/Movie/Game,7,9.95,9.95,Mon
790,Music/Movie/Game,7,9.95,9.95,Mon
791,Music/Movie/Game,7,9.95,9.95,Mon
801,Music/Movie/Game,10,1.23,1.23,Sat
811,Music/Movie/Game,10,1.23,2.46,Tue
812,Music/Movie/Game,10,1.23,1.23,Tue
813,Music/Movie/Game,10,1.23,1.23,Tue
814,Music/Movie/Game,10,1.23,1.23,Tue
815,Music/Movie/Game,10,1.23,1.23,Mon
841,Music/Movie/Game,7,0.535451613,55.33000001,Thu
843,Music/Movie/Game,7,0.535636364,9.819999998,Thu
844,Music/Movie/Game,7,0.535135135,6.600000001,Thu
847,Music/Movie/Game,7,1.77,1.77,Thu
869,Music/Movie/Game,7,9.99,26,Tue
870,Music/Movie/Game,7,9.99,9.99,Tue
871,Music/Movie/Game,7,6.99,6.99,Tue
872,Music/Movie/Game,7,14.99,27.17,Fri
873,Music/Movie/Game,7,14.99,21.49,Fri
874,Music/Movie/Game,7,19.99,19.99,Fri
875,Music/Movie/Game,7,14.99,17.51,Fri
876,Music/Movie/Game,7,14.99,14.99,Fri
877,Music/Movie/Game,7,59.99,66,Sun
878,Music/Movie/Game,7,59.99,63,Sun
879,Music/Movie/Game,7,39.99,63,Sun
880,Music/Movie/Game,7,34.99,51,Sun
881,Music/Movie/Game,7,49.99,49.99,Sun
882,Music/Movie/Game,7,44.99,44.99,Sun
883,Music/Movie/Game,7,34.99,44.01,Sun
884,Music/Movie/Game,7,34.99,40,Sun
885,Music/Movie/Game,7,34.99,36.99,Sun
886,Music/Movie/Game,7,34.99,34.99,Sun
887,Music/Movie/Game,7,34.99,34.99,Sun
888,Music/Movie/Game,7,34.99,34.99,Sun
889,Music/Movie/Game,7,34.99,34.99,Sun
890,Music/Movie/Game,7,24.99,24.99,Sun
891,Music/Movie/Game,10,1.229508197,3.750000001,Mon
892,Music/Movie/Game,10,1.23,1.23,Mon
901,Music/Movie/Game,7,6.99,6.99,Sun
902,Music/Movie/Game,7,4.99,4.99,Sun
903,Music/Movie/Game,7,4.99,4.99,Sat
904,Music/Movie/Game,7,9.99,12.26,Mon
905,Music/Movie/Game,7,5.99,5.99,Mon
907,Music/Movie/Game,5,0.01,27,Mon
908,Music/Movie/Game,5,0.01,18.5,Mon
909,Music/Movie/Game,5,0.01,18,Mon
910,Music/Movie/Game,5,0.01,15.5,Mon
911,Music/Movie/Game,5,0.01,11.71,Mon
912,Music/Movie/Game,5,0.01,11.55,Mon
913,Music/Movie/Game,5,0.01,10.5,Mon
914,Music/Movie/Game,5,0.01,10.5,Mon
915,Music/Movie/Game,5,0.01,10.5,Mon
916,Music/Movie/Game,5,0.01,10,Mon
917,Music/Movie/Game,5,0.01,10,Mon
918,Music/Movie/Game,5,0.01,9.99,Mon
919,Music/Movie/Game,5,0.01,9.5,Mon
920,Music/Movie/Game,5,0.01,9.39,Mon
921,Music/Movie/Game,5,0.01,8.5,Mon
922,Music/Movie/Game,5,0.01,8.5,Mon
923,Music/Movie/Game,5,0.01,8.49,Mon
924,Music/Movie/Game,5,0.01,8.26,Mon
925,Music/Movie/Game,5,0.01,8.05,Mon
926,Music/Movie/Game,5,0.01,8.05,Mon
927,Music/Movie/Game,5,0.01,8.01,Mon
928,Music/Movie/Game,5,0.01,7.55,Mon
929,Music/Movie/Game,5,0.01,7.51,Mon
930,Music/Movie/Game,5,0.01,7.5,Mon
931,Music/Movie/Game,5,0.01,7.5,Mon
932,Music/Movie/Game,5,0.01,7.5,Mon
933,Music/Movie/Game,5,0.01,7.05,Mon
934,Music/Movie/Game,5,0.01,7,Mon
935,Music/Movie/Game,5,0.01,7,Mon
936,Music/Movie/Game,5,0.01,7,Mon
937,Music/Movie/Game,5,0.01,6.71,Mon
938,Music/Movie/Game,5,0.01,6.55,Mon
939,Music/Movie/Game,5,0.01,6.5,Mon
940,Music/Movie/Game,5,0.01,6.5,Mon
941,Music/Movie/Game,5,0.01,6.5,Mon
942,Music/Movie/Game,5,0.01,6.5,Mon
943,Music/Movie/Game,5,0.01,6.18,Mon
944,Music/Movie/Game,5,0.01,6.15,Mon
945,Music/Movie/Game,5,0.01,6.01,Mon
946,Music/Movie/Game,5,0.01,6,Mon
947,Music/Movie/Game,5,0.01,5.52,Mon
948,Music/Movie/Game,5,0.01,5.52,Mon
949,Music/Movie/Game,5,0.01,5.5,Mon
950,Music/Movie/Game,5,0.01,5.5,Mon
951,Music/Movie/Game,5,0.01,5.5,Mon
952,Music/Movie/Game,5,0.01,5.01,Mon
953,Music/Movie/Game,5,0.01,5,Mon
954,Music/Movie/Game,5,0.01,5,Mon
955,Music/Movie/Game,5,0.01,4.9,Mon
956,Music/Movie/Game,5,0.01,4.75,Mon
957,Music/Movie/Game,5,0.01,4.54,Mon
958,Music/Movie/Game,5,0.01,4.4,Mon
959,Music/Movie/Game,5,0.01,4.31,Mon
960,Music/Movie/Game,5,0.01,4.29,Mon
961,Music/Movie/Game,5,0.01,4.25,Mon
962,Music/Movie/Game,5,0.01,4.25,Mon
963,Music/Movie/Game,5,0.01,4.25,Mon
964,Music/Movie/Game,5,0.01,4.25,Mon
965,Music/Movie/Game,5,0.01,4.17,Mon
966,Music/Movie/Game,5,0.01,3.84,Mon
967,Music/Movie/Game,5,0.01,3.8,Mon
968,Music/Movie/Game,5,0.01,3.8,Mon
969,Music/Movie/Game,5,0.01,3.76,Mon
970,Music/Movie/Game,5,0.01,3.75,Mon
971,Music/Movie/Game,5,0.01,3.75,Mon
972,Music/Movie/Game,5,0.01,3.55,Mon
973,Music/Movie/Game,5,0.01,3.5,Mon
974,Music/Movie/Game,5,0.01,3.36,Mon
975,Music/Movie/Game,5,0.01,3.31,Mon
976,Music/Movie/Game,5,0.01,3.3,Mon
977,Music/Movie/Game,5,0.01,3.27,Mon
978,Music/Movie/Game,5,0.01,3.26,Mon
979,Music/Movie/Game,5,0.01,3.25,Mon
980,Music/Movie/Game,5,0.01,3.25,Mon
981,Music/Movie/Game,5,0.01,3.25,Mon
982,Music/Movie/Game,5,0.01,3.25,Mon
983,Music/Movie/Game,5,0.01,3.08,Mon
984,Music/Movie/Game,5,0.01,3.06,Mon
985,Music/Movie/Game,5,0.01,3.01,Mon
986,Music/Movie/Game,5,0.01,3,Mon
987,Music/Movie/Game,5,0.01,3,Mon
988,Music/Movie/Game,5,0.01,2.8,Mon
989,Music/Movie/Game,5,0.01,2.33,Mon
990,Music/Movie/Game,5,0.01,2.3,Mon
991,Music/Movie/Game,5,0.01,2.25,Mon
992,Music/Movie/Game,5,0.01,2.25,Mon
993,Music/Movie/Game,5,0.01,2.13,Mon
994,Music/Movie/Game,5,0.01,2.05,Mon
995,Music/Movie/Game,5,0.01,2,Mon
996,Music/Movie/Game,5,0.01,2,Mon
997,Music/Movie/Game,5,0.01,2,Mon
998,Music/Movie/Game,5,0.01,1.75,Mon
999,Music/Movie/Game,5,0.01,1.58,Mon
1000,Music/Movie/Game,5,0.01,1.5,Mon
1001,Music/Movie/Game,5,0.01,1.37,Mon
1002,Music/Movie/Game,5,0.01,1.32,Mon
1003,Music/Movie/Game,5,0.01,1.32,Mon
1004,Music/Movie/Game,5,0.01,1.3,Mon
1005,Music/Movie/Game,5,0.01,1.29,Mon
1006,Music/Movie/Game,5,0.01,1.25,Mon
1007,Music/Movie/Game,5,0.01,1.25,Mon
1008,Music/Movie/Game,5,0.01,1.25,Mon
1009,Music/Movie/Game,5,0.01,1.25,Mon
1010,Music/Movie/Game,5,0.01,1.05,Mon
1011,Music/Movie/Game,5,0.01,0.55,Mon
1012,Music/Movie/Game,5,0.01,0.55,Mon
1013,Music/Movie/Game,5,0.01,0.21,Mon
1014,Music/Movie/Game,5,0.01,0.17,Mon
1015,Music/Movie/Game,5,0.01,0.17,Mon
1016,Music/Movie/Game,5,0.01,0.11,Mon
1017,Music/Movie/Game,5,0.01,0.1,Mon
1018,Music/Movie/Game,5,0.01,0.06,Mon
1019,Music/Movie/Game,5,0.01,0.01,Mon
1020,Music/Movie/Game,5,0.01,0.01,Mon
1021,Music/Movie/Game,5,0.01,0.01,Mon
1022,Music/Movie/Game,5,0.01,0.01,Mon
1023,Music/Movie/Game,5,0.01,0.01,Mon
1024,Music/Movie/Game,5,0.01,0.01,Mon
1025,Music/Movie/Game,5,0.01,0.01,Mon
1026,Music/Movie/Game,5,0.01,0.01,Mon
1027,Music/Movie/Game,5,0.01,0.01,Mon
1028,Music/Movie/Game,5,0.01,0.01,Mon
1029,Music/Movie/Game,5,0.01,0.01,Mon
1030,Music/Movie/Game,5,0.01,0.01,Mon
1031,Music/Movie/Game,5,0.01,0.01,Mon
1032,Music/Movie/Game,5,0.01,0.01,Mon
1033,Music/Movie/Game,5,0.01,0.01,Mon
1034,Music/Movie/Game,5,0.01,0.01,Mon
1035,Music/Movie/Game,3,9,33.56,Sun
1037,Music/Movie/Game,3,2,2.8,Sun
1038,Music/Movie/Game,3,2,2,Sun
1039,Music/Movie/Game,7,14.99,14.99,Sun
1088,Music/Movie/Game,5,5.99,5.99,Mon
1107,Music/Movie/Game,3,9.99,10.49,Sat
1108,Music/Movie/Game,3,9.99,9.99,Sat
1109,Music/Movie/Game,10,11.06616182,30.84999999,Wed
1110,Music/Movie/Game,7,5,5,Mon
1132,Music/Movie/Game,10,1.23,11.07,Wed
1140,Music/Movie/Game,10,2.45,2.45,Sun
1141,Music/Movie/Game,10,2.45,2.45,Sun
1143,Music/Movie/Game,10,1.23,1.23,Sun
1144,Music/Movie/Game,10,1.23,1.23,Sun
1145,Music/Movie/Game,10,1.23,1.23,Sun
1146,Music/Movie/Game,10,1.23,1.23,Sun
1156,Music/Movie/Game,10,1.226666667,1.840000001,Mon
1157,Music/Movie/Game,10,1.23,1.23,Mon
1158,Music/Movie/Game,10,1.23,1.23,Mon
1162,Music/Movie/Game,10,1.22923588,3.699999999,Fri
1167,Music/Movie/Game,3,14.92,14.92,Sat
1168,Music/Movie/Game,5,15.92,15.92,Tue
1169,Music/Movie/Game,5,12.92,12.92,Tue
1171,Music/Movie/Game,10,4.904072727,6.76,Tue
1179,Music/Movie/Game,7,7.49,26,Mon
1182,Music/Movie/Game,7,4.99,5.24,Mon
1183,Music/Movie/Game,7,4.99,4.99,Mon
1184,Music/Movie/Game,7,4.99,4.99,Mon
1185,Music/Movie/Game,7,4.99,4.99,Mon
1186,Music/Movie/Game,7,4.99,4.99,Mon
1187,Music/Movie/Game,7,3.99,3.99,Mon
1188,Music/Movie/Game,7,3.99,3.99,Mon
1189,Music/Movie/Game,7,3.99,3.99,Mon
1192,Music/Movie/Game,7,7.49,10.55,Fri
1194,Music/Movie/Game,7,3.99,5.51,Fri
